130621,满城县
130622,清苑县
130623,涞水县
130624,阜平县
130625,徐水县
130626,定兴县
130627,唐县
130628,高阳县
130629,容城县
130630,涞源县
130631,望都县
130632,安新县
130633,易县
130634,曲阳县
130635,蠡县
130636,顺平县
130637,博野县
130638,雄县
130681,涿州市
130682,定州市
130683,安国市
130684,高碑店市
130700,张家口市
130701,市辖区
130702,桥东区
130703,桥西区
130705,宣化区
130706,下花园区
130721,宣化县
130722,张北县
130723,康保县
130724,沽源县
130725,尚义县
130726,蔚县
130727,阳原县
130728,怀安县
130729,万全县
130730,怀来县
130731,涿鹿县
130732,赤城县
130733,崇礼县
130800,承德市
130801,市辖区
130802,双桥区
130803,双滦区
130804,鹰手营子矿区
130821,承德县
140882,河津市
140900,忻州市
140901,市辖区
140902,忻府区
140921,定襄县
140922,五台县
140923,代县
140924,繁峙县
140925,宁武县
140926,静乐县
140927,神池县
140928,五寨县
140929,岢岚县
140930,河曲县
140931,保德县
140932,偏关县
140981,原平市
141000,临汾市
141001,市辖区
141002,尧都区
141021,曲沃县
141022,翼城县
141023,襄汾县
141024,洪洞县
141025,古县
141026,安泽县
141027,浮山县
141028,吉县
141029,乡宁县
141030,大宁县
141031,隰县
141032,永和县
141033,蒲县
141034,汾西县
141081,侯马市
141082,霍州市
141100,吕梁市
141101,市辖区
141102,离石区
141121,文水县
141122,交城县
141123,兴县
141124,临县
141125,柳林县
141126,石楼县
141127,岚县
141128,方山县
141129,中阳县
141130,交口县
141181,孝义市
141182,汾阳市
150000,内蒙古自治区
150100,呼和浩特市
150101,市辖区
150102,新城区
150103,回民区
150104,玉泉区
150105,赛罕区
150121,土默特左旗
150122,托克托县
150123,和林格尔县
150124,清水河县
150125,武川县
150200,包头市
150201,市辖区
150202,东河区
150203,昆都仑区
150204,青山区
150205,石拐区
150206,白云矿区
150207,九原区
150221,土默特右旗
150222,固阳县
150223,达尔罕茂明安联合旗
150300,乌海市
150301,市辖区
150302,海勃湾区
150303,海南区
150304,乌达区
150400,赤峰市
150401,市辖区
150402,红山区
150403,元宝山区
150404,松山区
150421,阿鲁科尔沁旗
150422,巴林左旗
150423,巴林右旗
150424,林西县
150425,克什克腾旗
150426,翁牛特旗
150428,喀喇沁旗
150429,宁城县
150430,敖汉旗
150500,通辽市
210124,法库县
210181,新民市
210200,大连市
210201,市辖区
210202,中山区
210203,西岗区
210204,沙河口区
210211,甘井子区
210212,旅顺口区
210213,金州区
210224,长海县
210281,瓦房店市
210282,普兰店市
210283,庄河市
210300,鞍山市
210301,市辖区
210302,铁东区
210303,铁西区
210304,立山区
210311,千山区
210321,台安县
210323,岫岩满族自治县
210381,海城市
210400,抚顺市
210401,市辖区
210402,新抚区
210403,东洲区
210404,望花区
210411,顺城区
210421,抚顺县
210422,新宾满族自治县
210423,清原满族自治县
210500,本溪市
210501,市辖区
210502,平山区
210503,溪湖区
210504,明山区
210505,南芬区
210521,本溪满族自治县
210522,桓仁满族自治县
210600,丹东市
210601,市辖区
210602,元宝区
210603,振兴区
210604,振安区
210624,宽甸满族自治县
210681,东港市
230302,鸡冠区
230303,恒山区
230304,滴道区
230305,梨树区
230306,城子河区
230307,麻山区
230321,鸡东县
230381,虎林市
230382,密山市
230400,鹤岗市
230401,市辖区
230402,向阳区
230403,工农区
230404,南山区
230405,兴安区
230406,东山区
230407,兴山区
230421,萝北县
230422,绥滨县
230500,双鸭山市
230501,市辖区
230502,尖山区
230503,岭东区
230505,四方台区
230506,宝山区
230521,集贤县
230522,友谊县
230523,宝清县
230524,饶河县
230600,大庆市
230601,市辖区
230602,萨尔图区
230603,龙凤区
230604,让胡路区
230605,红岗区
230606,大同区
230621,肇州县
230622,肇源县
230623,林甸县
230624,杜尔伯特蒙古族自治县
230700,伊春市
230701,市辖区
230702,伊春区
230703,南岔区
230704,友好区
230705,西林区
230706,翠峦区
320981,东台市
320982,大丰市
321000,扬州市
321001,市辖区
321002,广陵区
321003,邗江区
321011,郊区
321023,宝应县
321081,仪征市
321084,高邮市
321088,江都市
321100,镇江市
321101,市辖区
321102,京口区
321111,润州区
321112,丹徒区
321181,丹阳市
321182,扬中市
321183,句容市
321200,泰州市
321201,市辖区
321202,海陵区
321203,高港区
321281,兴化市
321282,靖江市
321283,泰兴市
321284,姜堰市
321300,宿迁市
321301,市辖区
321302,宿城区
321311,宿豫区
321322,沭阳县
321323,泗阳县
321324,泗洪县
330000,浙江省
330100,杭州市
330101,市辖区
330102,上城区
330103,下城区
330104,江干区
330105,拱墅区
330106,西湖区
330108,滨江区
330109,萧山区
330110,余杭区
330122,桐庐县
330127,淳安县
330182,建德市
330183,富阳市
330185,临安市
330200,宁波市
330201,市辖区
330203,海曙区
330204,江东区
330205,江北区
330206,北仑区
330211,镇海区
330212,鄞州区
330225,象山县
330226,宁海县
330281,余姚市
330282,慈溪市
330283,奉化市
330300,温州市
330301,市辖区
330302,鹿城区
330303,龙湾区
330304,瓯海区
330322,洞头县
330324,永嘉县
330326,平阳县
330327,苍南县
330328,文成县
330329,泰顺县
330381,瑞安市
330382,乐清市
330400,嘉兴市
330401,市辖区
330402,秀城区
330411,秀洲区
330421,嘉善县
330424,海盐县
330481,海宁市
330482,平湖市
330483,桐乡市
330500,湖州市
330501,市辖区
330502,吴兴区
330503,南浔区
330521,德清县
330522,长兴县
330523,安吉县
330600,绍兴市
330601,市辖区
331123,遂昌县
331124,松阳县
331125,云和县
331126,庆元县
331127,景宁畲族自治县
331181,龙泉市
340000,安徽省
340100,合肥市
340101,市辖区
340102,瑶海区
340103,庐阳区
340104,蜀山区
340111,包河区
340121,长丰县
340122,肥东县
340123,肥西县
340200,芜湖市
340201,市辖区
340202,镜湖区
340203,马塘区
340204,新芜区
340207,鸠江区
340221,芜湖县
340222,繁昌县
340223,南陵县
340300,蚌埠市
340301,市辖区
340302,龙子湖区
340303,蚌山区
340304,禹会区
340311,淮上区
340321,怀远县
340322,五河县
340323,固镇县
340400,淮南市
340401,市辖区
340402,大通区
340403,田家庵区
340404,谢家集区
340405,八公山区
340406,潘集区
340421,凤台县
340500,马鞍山市
340501,市辖区
340502,金家庄区
340503,花山区
340504,雨山区
340521,当涂县
340600,淮北市
340601,市辖区
340602,杜集区
340603,相山区
340604,烈山区
340621,濉溪县
340700,铜陵市
340701,市辖区
340702,铜官山区
340703,狮子山区
340711,郊区
340721,铜陵县
340800,安庆市
340801,市辖区
340802,迎江区
340803,大观区
340811,郊区
340822,怀宁县
340823,枞阳县
340824,潜山县
340825,太湖县
340826,宿松县
340827,望江县
340828,岳西县
340881,桐城市
341000,黄山市
341001,市辖区
341002,屯溪区
341003,黄山区
341004,徽州区
341021,歙县
341022,休宁县
341023,黟县
341024,祁门县
341100,滁州市
341101,市辖区
341102,琅琊区
341103,南谯区
341122,来安县
341124,全椒县
341125,定远县
341126,凤阳县
341181,天长市
341182,明光市
341200,阜阳市
341201,市辖区
411502,师河区
411503,平桥区
411521,罗山县
411522,光山县
411523,新县
411524,商城县
411525,固始县
411526,潢川县
411527,淮滨县
411528,息县
411600,周口市
411601,市辖区
411602,川汇区
411621,扶沟县
411622,西华县
411623,商水县
411624,沈丘县
411625,郸城县
411626,淮阳县
411627,太康县
411628,鹿邑县
411681,项城市
411700,驻马店市
411701,市辖区
411702,驿城区
411721,西平县
411722,上蔡县
411723,平舆县
411724,正阳县
411725,确山县
411726,泌阳县
411727,汝南县
411728,遂平县
411729,新蔡县
420000,湖北省
420100,武汉市
420101,市辖区
420102,江岸区
420103,江汉区
420104,乔口区
420105,汉阳区
420106,武昌区
420107,青山区
420111,洪山区
420112,东西湖区
420113,汉南区
420114,蔡甸区
431129,江华瑶族自治县
431200,怀化市
431201,市辖区
431202,鹤城区
431221,中方县
431222,沅陵县
431223,辰溪县
431224,溆浦县
431225,会同县
431226,麻阳苗族自治县
431227,新晃侗族自治县
431228,芷江侗族自治县
431229,靖州苗族侗族自治县
431230,通道侗族自治县
431281,洪江市
431300,娄底市
431301,市辖区
431302,娄星区
431321,双峰县
431322,新化县
431381,冷水江市
431382,涟源市
433100,湘西土家族苗族自治州
433101,吉首市
433122,泸溪县
433123,凤凰县
433124,花垣县
433125,保靖县
433126,古丈县
433127,永顺县
433130,龙山县
440000,广东省
440100,广州市
440101,市辖区
440102,东山区
440103,荔湾区
440104,越秀区
440105,海珠区
440106,天河区
440107,芳村区
440111,白云区
440112,黄埔区
440113,番禺区
440114,花都区
440183,增城市
440184,从化市
440200,韶关市
440783,开平市
440784,鹤山市
440785,恩平市
440800,湛江市
440801,市辖区
440802,赤坎区
440803,霞山区
440804,坡头区
440811,麻章区
440823,遂溪县
440825,徐闻县
440881,廉江市
440882,雷州市
440883,吴川市
440900,茂名市
440901,市辖区
440902,茂南区
440903,茂港区
440923,电白县
440981,高州市
440982,化州市
440983,信宜市
441200,肇庆市
441201,市辖区
441202,端州区
441203,鼎湖区
441223,广宁县
441224,怀集县
441225,封开县
441226,德庆县
441283,高要市
441284,四会市
441300,惠州市
441301,市辖区
441302,惠城区
441303,惠阳区
441322,博罗县
441323,惠东县
441324,龙门县
441400,梅州市
441401,市辖区
441402,梅江区
441421,梅县
441422,大埔县
441423,丰顺县
441424,五华县
441426,平远县
441427,蕉岭县
441481,兴宁市
441500,汕尾市
441501,市辖区
441502,城区
441521,海丰县
441523,陆河县
441581,陆丰市
441600,河源市
441601,市辖区
441602,源城区
441621,紫金县
441622,龙川县
441623,连平县
441624,和平县
441625,东源县
441700,阳江市
441701,市辖区
441702,江城区
441721,阳西县
441723,阳东县
441781,阳春市
441800,清远市
441801,市辖区
441802,清城区
441821,佛冈县
441823,阳山县
441825,连山壮族瑶族自治县
441826,连南瑶族自治县
441827,清新县
441881,英德市
441882,连州市
441900,东莞市
442000,中山市
445100,潮州市
445101,市辖区
445102,湘桥区
445121,潮安县
445122,饶平县
445200,揭阳市
445201,市辖区
445202,榕城区
445221,揭东县
445222,揭西县
445224,惠来县
445281,普宁市
445300,云浮市
130621,满城县
130622,清苑县
130623,涞水县
130624,阜平县
130625,徐水县
130626,定兴县
130627,唐县
130628,高阳县
130629,容城县
130630,涞源县
130631,望都县
130632,安新县
130633,易县
130634,曲阳县
130635,蠡县
130636,顺平县
130637,博野县
130638,雄县
130681,涿州市
130682,定州市
130683,安国市
130684,高碑店市
130700,张家口市
130701,市辖区
130702,桥东区
130703,桥西区
130705,宣化区
130706,下花园区
130721,宣化县
130722,张北县
130723,康保县
130724,沽源县
130725,尚义县
130726,蔚县
130727,阳原县
130728,怀安县
130729,万全县
130730,怀来县
130731,涿鹿县
130732,赤城县
130733,崇礼县
130800,承德市
130801,市辖区
130802,双桥区
130803,双滦区
130804,鹰手营子矿区
130821,承德县
140882,河津市
140900,忻州市
140901,市辖区
140902,忻府区
140921,定襄县
140922,五台县
140923,代县
140924,繁峙县
140925,宁武县
140926,静乐县
140927,神池县
140928,五寨县
140929,岢岚县
140930,河曲县
140931,保德县
140932,偏关县
140981,原平市
141000,临汾市
141001,市辖区
141002,尧都区
141021,曲沃县
141022,翼城县
141023,襄汾县
141024,洪洞县
141025,古县
141026,安泽县
141027,浮山县
141028,吉县
141029,乡宁县
141030,大宁县
141031,隰县
141032,永和县
141033,蒲县
141034,汾西县
141081,侯马市
141082,霍州市
141100,吕梁市
141101,市辖区
141102,离石区
141121,文水县
141122,交城县
141123,兴县
141124,临县
141125,柳林县
141126,石楼县
141127,岚县
141128,方山县
141129,中阳县
141130,交口县
141181,孝义市
141182,汾阳市
150000,内蒙古自治区
150100,呼和浩特市
150101,市辖区
150102,新城区
150103,回民区
150104,玉泉区
150105,赛罕区
150121,土默特左旗
150122,托克托县
150123,和林格尔县
150124,清水河县
150125,武川县
150200,包头市
150201,市辖区
150202,东河区
150203,昆都仑区
150204,青山区
150205,石拐区
150206,白云矿区
150207,九原区
150221,土默特右旗
150222,固阳县
150223,达尔罕茂明安联合旗
150300,乌海市
150301,市辖区
150302,海勃湾区
150303,海南区
150304,乌达区
150400,赤峰市
150401,市辖区
150402,红山区
150403,元宝山区
150404,松山区
150421,阿鲁科尔沁旗
150422,巴林左旗
150423,巴林右旗
150424,林西县
150425,克什克腾旗
150426,翁牛特旗
150428,喀喇沁旗
150429,宁城县
150430,敖汉旗
150500,通辽市
210124,法库县
210181,新民市
210200,大连市
210201,市辖区
210202,中山区
210203,西岗区
210204,沙河口区
210211,甘井子区
210212,旅顺口区
210213,金州区
210224,长海县
210281,瓦房店市
210282,普兰店市
210283,庄河市
210300,鞍山市
210301,市辖区
210302,铁东区
210303,铁西区
210304,立山区
210311,千山区
210321,台安县
210323,岫岩满族自治县
210381,海城市
210400,抚顺市
210401,市辖区
210402,新抚区
210403,东洲区
210404,望花区
210411,顺城区
210421,抚顺县
210422,新宾满族自治县
210423,清原满族自治县
210500,本溪市
210501,市辖区
210502,平山区
210503,溪湖区
210504,明山区
210505,南芬区
210521,本溪满族自治县
210522,桓仁满族自治县
210600,丹东市
210601,市辖区
210602,元宝区
210603,振兴区
210604,振安区
210624,宽甸满族自治县
210681,东港市
230302,鸡冠区
230303,恒山区
230304,滴道区
230305,梨树区
230306,城子河区
230307,麻山区
230321,鸡东县
230381,虎林市
230382,密山市
230400,鹤岗市
230401,市辖区
230402,向阳区
230403,工农区
230404,南山区
230405,兴安区
230406,东山区
230407,兴山区
230421,萝北县
230422,绥滨县
230500,双鸭山市
230501,市辖区
230502,尖山区
230503,岭东区
230505,四方台区
230506,宝山区
230521,集贤县
230522,友谊县
230523,宝清县
230524,饶河县
230600,大庆市
230601,市辖区
230602,萨尔图区
230603,龙凤区
230604,让胡路区
230605,红岗区
230606,大同区
230621,肇州县
230622,肇源县
230623,林甸县
230624,杜尔伯特蒙古族自治县
230700,伊春市
230701,市辖区
230702,伊春区
230703,南岔区
230704,友好区
230705,西林区
230706,翠峦区
320981,东台市
320982,大丰市
321000,扬州市
321001,市辖区
321002,广陵区
321003,邗江区
321011,郊区
321023,宝应县
321081,仪征市
321084,高邮市
321088,江都市
321100,镇江市
321101,市辖区
321102,京口区
321111,润州区
321112,丹徒区
321181,丹阳市
321182,扬中市
321183,句容市
321200,泰州市
321201,市辖区
321202,海陵区
321203,高港区
321281,兴化市
321282,靖江市
321283,泰兴市
321284,姜堰市
321300,宿迁市
321301,市辖区
321302,宿城区
321311,宿豫区
321322,沭阳县
321323,泗阳县
321324,泗洪县
330000,浙江省
330100,杭州市
330101,市辖区
330102,上城区
330103,下城区
330104,江干区
330105,拱墅区
330106,西湖区
330108,滨江区
330109,萧山区
330110,余杭区
330122,桐庐县
330127,淳安县
330182,建德市
330183,富阳市
330185,临安市
330200,宁波市
330201,市辖区
330203,海曙区
330204,江东区
330205,江北区
330206,北仑区
330211,镇海区
330212,鄞州区
330225,象山县
330226,宁海县
330281,余姚市
330282,慈溪市
330283,奉化市
330300,温州市
330301,市辖区
330302,鹿城区
330303,龙湾区
330304,瓯海区
330322,洞头县
330324,永嘉县
330326,平阳县
330327,苍南县
330328,文成县
330329,泰顺县
330381,瑞安市
330382,乐清市
330400,嘉兴市
330401,市辖区
330402,秀城区
330411,秀洲区
330421,嘉善县
330424,海盐县
330481,海宁市
330482,平湖市
330483,桐乡市
330500,湖州市
330501,市辖区
330502,吴兴区
330503,南浔区
330521,德清县
330522,长兴县
330523,安吉县
330600,绍兴市
330601,市辖区
331123,遂昌县
331124,松阳县
331125,云和县
331126,庆元县
331127,景宁畲族自治县
331181,龙泉市
340000,安徽省
340100,合肥市
340101,市辖区
340102,瑶海区
340103,庐阳区
340104,蜀山区
340111,包河区
340121,长丰县
340122,肥东县
340123,肥西县
340200,芜湖市
340201,市辖区
340202,镜湖区
340203,马塘区
340204,新芜区
340207,鸠江区
340221,芜湖县
340222,繁昌县
340223,南陵县
340300,蚌埠市
340301,市辖区
340302,龙子湖区
340303,蚌山区
340304,禹会区
340311,淮上区
340321,怀远县
340322,五河县
340323,固镇县
340400,淮南市
340401,市辖区
340402,大通区
340403,田家庵区
340404,谢家集区
340405,八公山区
340406,潘集区
340421,凤台县
340500,马鞍山市
340501,市辖区
340502,金家庄区
340503,花山区
340504,雨山区
340521,当涂县
340600,淮北市
340601,市辖区
340602,杜集区
340603,相山区
340604,烈山区
340621,濉溪县
340700,铜陵市
340701,市辖区
340702,铜官山区
340703,狮子山区
340711,郊区
340721,铜陵县
340800,安庆市
340801,市辖区
340802,迎江区
340803,大观区
340811,郊区
340822,怀宁县
340823,枞阳县
340824,潜山县
340825,太湖县
340826,宿松县
340827,望江县
340828,岳西县
340881,桐城市
341000,黄山市
341001,市辖区
341002,屯溪区
341003,黄山区
341004,徽州区
341021,歙县
341022,休宁县
341023,黟县
341024,祁门县
341100,滁州市
341101,市辖区
341102,琅琊区
341103,南谯区
341122,来安县
341124,全椒县
341125,定远县
341126,凤阳县
341181,天长市
341182,明光市
341200,阜阳市
341201,市辖区
411502,师河区
411503,平桥区
411521,罗山县
411522,光山县
411523,新县
411524,商城县
411525,固始县
411526,潢川县
411527,淮滨县
411528,息县
411600,周口市
411601,市辖区
411602,川汇区
411621,扶沟县
411622,西华县
411623,商水县
411624,沈丘县
411625,郸城县
411626,淮阳县
411627,太康县
411628,鹿邑县
411681,项城市
411700,驻马店市
411701,市辖区
411702,驿城区
411721,西平县
411722,上蔡县
411723,平舆县
411724,正阳县
411725,确山县
411726,泌阳县
411727,汝南县
411728,遂平县
411729,新蔡县
420000,湖北省
420100,武汉市
420101,市辖区
420102,江岸区
420103,江汉区
420104,乔口区
420105,汉阳区
420106,武昌区
420107,青山区
420111,洪山区
420112,东西湖区
420113,汉南区
420114,蔡甸区
431129,江华瑶族自治县
431200,怀化市
431201,市辖区
431202,鹤城区
431221,中方县
431222,沅陵县
431223,辰溪县
431224,溆浦县
431225,会同县
431226,麻阳苗族自治县
431227,新晃侗族自治县
431228,芷江侗族自治县
431229,靖州苗族侗族自治县
431230,通道侗族自治县
431281,洪江市
431300,娄底市
431301,市辖区
431302,娄星区
431321,双峰县
431322,新化县
431381,冷水江市
431382,涟源市
433100,湘西土家族苗族自治州
433101,吉首市
433122,泸溪县
433123,凤凰县
433124,花垣县
433125,保靖县
433126,古丈县
433127,永顺县
433130,龙山县
440000,广东省
440100,广州市
440101,市辖区
440102,东山区
440103,荔湾区
440104,越秀区
440105,海珠区
440106,天河区
440107,芳村区
440111,白云区
440112,黄埔区
440113,番禺区
440114,花都区
440183,增城市
440184,从化市
440200,韶关市
440783,开平市
440784,鹤山市
440785,恩平市
440800,湛江市
440801,市辖区
440802,赤坎区
440803,霞山区
440804,坡头区
440811,麻章区
440823,遂溪县
440825,徐闻县
440881,廉江市
440882,雷州市
440883,吴川市
440900,茂名市
440901,市辖区
440902,茂南区
440903,茂港区
440923,电白县
440981,高州市
440982,化州市
440983,信宜市
441200,肇庆市
441201,市辖区
441202,端州区
441203,鼎湖区
441223,广宁县
441224,怀集县
441225,封开县
441226,德庆县
441283,高要市
441284,四会市
441300,惠州市
441301,市辖区
441302,惠城区
441303,惠阳区
441322,博罗县
441323,惠东县
441324,龙门县
441400,梅州市
441401,市辖区
441402,梅江区
441421,梅县
441422,大埔县
441423,丰顺县
441424,五华县
441426,平远县
441427,蕉岭县
441481,兴宁市
441500,汕尾市
441501,市辖区
441502,城区
441521,海丰县
441523,陆河县
441581,陆丰市
441600,河源市
441601,市辖区
441602,源城区
441621,紫金县
441622,龙川县
441623,连平县
441624,和平县
441625,东源县
441700,阳江市
441701,市辖区
441702,江城区
441721,阳西县
441723,阳东县
441781,阳春市
441800,清远市
441801,市辖区
441802,清城区
441821,佛冈县
441823,阳山县
441825,连山壮族瑶族自治县
441826,连南瑶族自治县
441827,清新县
441881,英德市
441882,连州市
441900,东莞市
442000,中山市
445100,潮州市
445101,市辖区
445102,湘桥区
445121,潮安县
445122,饶平县
445200,揭阳市
445201,市辖区
445202,榕城区
445221,揭东县
445222,揭西县
445224,惠来县
445281,普宁市
445300,云浮市
代码,名称
110000,北京市
110100,市辖区
110101,东城区
110102,西城区
110103,崇文区
110104,宣武区
110105,朝阳区
110106,丰台区
110107,石景山区
110108,海淀区
110109,门头沟区
110111,房山区
110112,通州区
110113,顺义区
110114,昌平区
110115,大兴区
110116,怀柔区
110117,平谷区
110200,县
110228,密云县
110229,延庆县
120000,天津市
120100,市辖区
120101,和平区
120102,河东区
120103,河西区
120104,南开区
120105,河北区
120106,红桥区
120107,塘沽区
120108,汉沽区
120109,大港区
120110,东丽区
120111,西青区
120112,津南区
120113,北辰区
120114,武清区
120115,宝坻区
120200,县
120221,宁河县
120223,静海县
120225,蓟县
130000,河北省
130100,石家庄市
130101,市辖区
130102,长安区
141129,中阳县
141130,交口县
141181,孝义市
141182,汾阳市
150000,内蒙古自治区
150100,呼和浩特市
150101,市辖区
150102,新城区
150103,回民区
150104,玉泉区
150105,赛罕区
150121,土默特左旗
150122,托克托县
150123,和林格尔县
150124,清水河县
150125,武川县
150200,包头市
150201,市辖区
150202,东河区
150203,昆都仑区
150204,青山区
150205,石拐区
150206,白云矿区
150207,九原区
150221,土默特右旗
150222,固阳县
150223,达尔罕茂明安联合旗
150300,乌海市
150301,市辖区
150302,海勃湾区
150303,海南区
150304,乌达区
150400,赤峰市
150401,市辖区
150402,红山区
150403,元宝山区
150404,松山区
150421,阿鲁科尔沁旗
150422,巴林左旗
150423,巴林右旗
150424,林西县
150425,克什克腾旗
150426,翁牛特旗
150428,喀喇沁旗
150429,宁城县
150430,敖汉旗
150500,通辽市
210682,凤城市
210700,锦州市
210701,市辖区
210702,古塔区
210703,凌河区
210711,太和区
210726,黑山县
210727,义县
210781,凌海市
210782,北宁市
210800,营口市
210801,市辖区
210802,站前区
210803,西市区
210804,鲅鱼圈区
210811,老边区
210881,盖州市
210882,大石桥市
210900,阜新市
210901,市辖区
210902,海州区
210903,新邱区
210904,太平区
210905,清河门区
210911,细河区
210921,阜新蒙古族自治县
210922,彰武县
211000,辽阳市
211001,市辖区
211002,白塔区
211003,文圣区
211004,宏伟区
211005,弓长岭区
211011,太子河区
211021,辽阳县
211081,灯塔市
211100,盘锦市
211101,市辖区
211102,双台子区
211103,兴隆台区
211121,大洼县
211122,盘山县
211200,铁岭市
211201,市辖区
211202,银州区
211204,清河区
211221,铁岭县
220302,铁西区
220303,铁东区
220322,梨树县
220323,伊通满族自治县
220381,公主岭市
220382,双辽市
220400,辽源市
220401,市辖区
220402,龙山区
220403,西安区
220421,东丰县
220422,东辽县
220500,通化市
220501,市辖区
220502,东昌区
220503,二道江区
220521,通化县
220523,辉南县
220524,柳河县
220581,梅河口市
220582,集安市
220600,白山市
220601,市辖区
220602,八道江区
220621,抚松县
220622,靖宇县
220623,长白朝鲜族自治县
220625,江源县
220681,临江市
220700,松原市
220701,市辖区
220702,宁江区
220721,前郭尔罗斯蒙古族自治县
220722,长岭县
220723,乾安县
220724,扶余县
220800,白城市
220801,市辖区
220802,洮北区
220821,镇赉县
220822,通榆县
220881,洮南市
220882,大安市
222400,延边朝鲜族自治州
222401,延吉市
222402,图们市
222403,敦化市
222404,珲春市
222405,龙井市
222406,和龙市
222424,汪清县
222426,安图县
230000,黑龙江省
230100,哈尔滨市
230101,市辖区
230102,道里区
230103,南岗区
230104,道外区
230106,香坊区
230107,动力区
230108,平房区
230109,松北区
230111,呼兰区
230123,依兰县
230124,方正县
230125,宾县
230126,巴彦县
230127,木兰县
230128,通河县
230129,延寿县
230181,阿城市
230182,双城市
230183,尚志市
230184,五常市
230200,齐齐哈尔市
230201,市辖区
230202,龙沙区
230203,建华区
230204,铁锋区
230205,昂昂溪区
230206,富拉尔基区
230207,碾子山区
230208,梅里斯达斡尔族区
230221,龙江县
230223,依安县
230224,泰来县
230225,甘南县
230227,富裕县
230229,克山县
230230,克东县
230231,拜泉县
230281,讷河市
230300,鸡西市
230301,市辖区
360425,永修县
360426,德安县
360427,星子县
360428,都昌县
360429,湖口县
360430,彭泽县
360481,瑞昌市
360500,新余市
360501,市辖区
360502,渝水区
360521,分宜县
360600,鹰潭市
360601,市辖区
360602,月湖区
360622,余江县
360681,贵溪市
360700,赣州市
360701,市辖区
360702,章贡区
360721,赣县
360722,信丰县
360723,大余县
360724,上犹县
360725,崇义县
360726,安远县
360727,龙南县
360728,定南县
360729,全南县
360730,宁都县
360731,于都县
360732,兴国县
360733,会昌县
360734,寻乌县
360735,石城县
360781,瑞金市
360782,南康市
360800,吉安市
360801,市辖区
360802,吉州区
360803,青原区
360821,吉安县
360822,吉水县
360823,峡江县
360824,新干县
360825,永丰县
360826,泰和县
360827,遂川县
370103,市中区
370104,槐荫区
370105,天桥区
370112,历城区
370113,长清区
370124,平阴县
370125,济阳县
370126,商河县
370181,章丘市
370200,青岛市
370201,市辖区
370202,市南区
370203,市北区
370205,四方区
370211,黄岛区
370212,崂山区
370213,李沧区
370214,城阳区
370281,胶州市
370282,即墨市
370283,平度市
370284,胶南市
370285,莱西市
370300,淄博市
370301,市辖区
370302,淄川区
370303,张店区
370304,博山区
370305,临淄区
370306,周村区
370321,桓台县
370322,高青县
370323,沂源县
370400,枣庄市
370401,市辖区
370402,市中区
370403,薛城区
370404,峄城区
370405,台儿庄区
370406,山亭区
370481,滕州市
370500,东营市
370501,市辖区
370502,东营区
370503,河口区
370521,垦利县
370522,利津县
370523,广饶县
370600,烟台市
370601,市辖区
370602,芝罘区
370611,福山区
370612,牟平区
370613,莱山区
370634,长岛县
370681,龙口市
370682,莱阳市
370683,莱州市
370684,蓬莱市
370685,招远市
370686,栖霞市
370687,海阳市
370700,潍坊市
370701,市辖区
370702,潍城区
370703,寒亭区
370704,坊子区
370705,奎文区
370724,临朐县
370725,昌乐县
370781,青州市
370782,诸城市
370783,寿光市
370784,安丘市
370785,高密市
370786,昌邑市
370800,济宁市
370801,市辖区
370802,市中区
370811,任城区
370826,微山县
370827,鱼台县
370828,金乡县
370829,嘉祥县
370830,汶上县
370831,泗水县
370832,梁山县
370881,曲阜市
370882,兖州市
370883,邹城市
370900,泰安市
370901,市辖区
370902,泰山区
370903,岱岳区
410203,顺河回族区
410204,鼓楼区
410205,南关区
410211,郊区
410221,杞县
410222,通许县
410223,尉氏县
410224,开封县
410225,兰考县
410300,洛阳市
410301,市辖区
410302,老城区
410303,西工区
410304,廛河回族区
410305,涧西区
410306,吉利区
410307,洛龙区
410322,孟津县
410323,新安县
410324,栾川县
410325,嵩县
410326,汝阳县
410327,宜阳县
410328,洛宁县
410329,伊川县
410381,偃师市
410400,平顶山市
410401,市辖区
410402,新华区
410403,卫东区
410404,石龙区
410411,湛河区
410421,宝丰县
410422,叶县
410423,鲁山县
410425,郏县
410481,舞钢市
410482,汝州市
410500,安阳市
410501,市辖区
410502,文峰区
410503,北关区
410505,殷都区
410506,龙安区
410522,安阳县
410523,汤阴县
410526,滑县
420700,鄂州市
420701,市辖区
420702,梁子湖区
420703,华容区
420704,鄂城区
420800,荆门市
420801,市辖区
420802,东宝区
420804,掇刀区
420821,京山县
420822,沙洋县
420881,钟祥市
420900,孝感市
420901,市辖区
420902,孝南区
420921,孝昌县
420922,大悟县
420923,云梦县
420981,应城市
420982,安陆市
420984,汉川市
421000,荆州市
421001,市辖区
421002,沙市区
421003,荆州区
421022,公安县
421023,监利县
421024,江陵县
421081,石首市
421083,洪湖市
421087,松滋市
421100,黄冈市
421101,市辖区
421102,黄州区
421121,团风县
421122,红安县
421123,罗田县
421124,英山县
421125,浠水县
421126,蕲春县
421127,黄梅县
421181,麻城市
421182,武穴市
421200,咸宁市
421201,市辖区
421202,咸安区
421221,嘉鱼县
430302,雨湖区
430304,岳塘区
430321,湘潭县
430381,湘乡市
430382,韶山市
430400,衡阳市
430401,市辖区
430405,珠晖区
430406,雁峰区
430407,石鼓区
430408,蒸湘区
430412,南岳区
430421,衡阳县
430422,衡南县
430423,衡山县
430424,衡东县
430426,祁东县
430481,耒阳市
430482,常宁市
430500,邵阳市
430501,市辖区
430502,双清区
430503,大祥区
430511,北塔区
430521,邵东县
430522,新邵县
430523,邵阳县
430524,隆回县
430525,洞口县
430527,绥宁县
430528,新宁县
430529,城步苗族自治县
430581,武冈市
430600,岳阳市
430601,市辖区
430602,岳阳楼区
430603,云溪区
430611,君山区
430621,岳阳县
430623,华容县
430624,湘阴县
430626,平江县
430681,汨罗市
430682,临湘市
430700,常德市
430701,市辖区
430702,武陵区
431129,江华瑶族自治县
431200,怀化市
431201,市辖区
431202,鹤城区
431221,中方县
431222,沅陵县
431223,辰溪县
431224,溆浦县
431225,会同县
431226,麻阳苗族自治县
431227,新晃侗族自治县
431228,芷江侗族自治县
431229,靖州苗族侗族自治县
431230,通道侗族自治县
431281,洪江市
431300,娄底市
431301,市辖区
431302,娄星区
431321,双峰县
431322,新化县
431381,冷水江市
431382,涟源市
433100,湘西土家族苗族自治州
433101,吉首市
433122,泸溪县
433123,凤凰县
433124,花垣县
433125,保靖县
433126,古丈县
433127,永顺县
433130,龙山县
440000,广东省
440100,广州市
440101,市辖区
440102,东山区
440103,荔湾区
440104,越秀区
440105,海珠区
440106,天河区
440107,芳村区
440111,白云区
440112,黄埔区
440113,番禺区
440114,花都区
440183,增城市
440184,从化市
440200,韶关市
440201,市辖区
440202,北江区
440203,武江区
440204,浈江区
440221,曲江县
440222,始兴县
440224,仁化县
440229,翁源县
440232,乳源瑶族自治县
440233,新丰县
440281,乐昌市
440282,南雄市
440300,深圳市
440301,市辖区
440303,罗湖区
440304,福田区
440305,南山区
440306,宝安区
440307,龙岗区
440308,盐田区
440400,珠海市
440401,市辖区
440402,香洲区
440403,斗门区
440404,金湾区
440500,汕头市
440501,市辖区
440507,龙湖区
440511,金平区
440512,濠江区
440513,潮阳区
440514,潮南区
440515,澄海区
440523,南澳县
440600,佛山市
440601,市辖区
440604,禅城区
440605,南海区
440606,顺德区
440607,三水区
440608,高明区
440700,江门市
440701,市辖区
440703,蓬江区
440704,江海区
440705,新会区
440781,台山市
代码,名称
110000,北京市
110100,市辖区
110101,东城区
110102,西城区
110103,崇文区
110104,宣武区
110105,朝阳区
110106,丰台区
110107,石景山区
110108,海淀区
110109,门头沟区
110111,房山区
110112,通州区
110113,顺义区
110114,昌平区
110115,大兴区
110116,怀柔区
110117,平谷区
110200,县
110228,密云县
110229,延庆县
120000,天津市
120100,市辖区
120101,和平区
120102,河东区
120103,河西区
120104,南开区
120105,河北区
120106,红桥区
120107,塘沽区
120108,汉沽区
120109,大港区
120110,东丽区
120111,西青区
120112,津南区
120113,北辰区
120114,武清区
120115,宝坻区
120200,县
120221,宁河县
120223,静海县
120225,蓟县
130000,河北省
130100,石家庄市
130101,市辖区
130102,长安区
141129,中阳县
141130,交口县
141181,孝义市
141182,汾阳市
150000,内蒙古自治区
150100,呼和浩特市
150101,市辖区
150102,新城区
150103,回民区
150104,玉泉区
150105,赛罕区
150121,土默特左旗
150122,托克托县
150123,和林格尔县
150124,清水河县
150125,武川县
150200,包头市
150201,市辖区
150202,东河区
150203,昆都仑区
150204,青山区
150205,石拐区
150206,白云矿区
150207,九原区
150221,土默特右旗
150222,固阳县
150223,达尔罕茂明安联合旗
150300,乌海市
150301,市辖区
150302,海勃湾区
150303,海南区
150304,乌达区
150400,赤峰市
150401,市辖区
150402,红山区
150403,元宝山区
150404,松山区
150421,阿鲁科尔沁旗
150422,巴林左旗
150423,巴林右旗
150424,林西县
150425,克什克腾旗
150426,翁牛特旗
150428,喀喇沁旗
150429,宁城县
150430,敖汉旗
150500,通辽市
210682,凤城市
210700,锦州市
210701,市辖区
210702,古塔区
210703,凌河区
210711,太和区
210726,黑山县
210727,义县
210781,凌海市
210782,北宁市
210800,营口市
210801,市辖区
210802,站前区
210803,西市区
210804,鲅鱼圈区
210811,老边区
210881,盖州市
210882,大石桥市
210900,阜新市
210901,市辖区
210902,海州区
210903,新邱区
210904,太平区
210905,清河门区
210911,细河区
210921,阜新蒙古族自治县
210922,彰武县
211000,辽阳市
211001,市辖区
211002,白塔区
211003,文圣区
211004,宏伟区
211005,弓长岭区
211011,太子河区
211021,辽阳县
211081,灯塔市
211100,盘锦市
211101,市辖区
211102,双台子区
211103,兴隆台区
211121,大洼县
211122,盘山县
211200,铁岭市
211201,市辖区
211202,银州区
211204,清河区
211221,铁岭县
220302,铁西区
220303,铁东区
220322,梨树县
220323,伊通满族自治县
220381,公主岭市
220382,双辽市
220400,辽源市
220401,市辖区
220402,龙山区
220403,西安区
220421,东丰县
220422,东辽县
220500,通化市
220501,市辖区
220502,东昌区
220503,二道江区
220521,通化县
220523,辉南县
220524,柳河县
220581,梅河口市
220582,集安市
220600,白山市
220601,市辖区
220602,八道江区
220621,抚松县
220622,靖宇县
220623,长白朝鲜族自治县
220625,江源县
220681,临江市
220700,松原市
220701,市辖区
220702,宁江区
220721,前郭尔罗斯蒙古族自治县
220722,长岭县
220723,乾安县
220724,扶余县
220800,白城市
220801,市辖区
220802,洮北区
220821,镇赉县
220822,通榆县
220881,洮南市
220882,大安市
222400,延边朝鲜族自治州
222401,延吉市
222402,图们市
222403,敦化市
222404,珲春市
222405,龙井市
222406,和龙市
222424,汪清县
222426,安图县
230000,黑龙江省
230100,哈尔滨市
230101,市辖区
230102,道里区
230103,南岗区
230104,道外区
230106,香坊区
230107,动力区
230108,平房区
230109,松北区
230111,呼兰区
230123,依兰县
230124,方正县
230125,宾县
230126,巴彦县
230127,木兰县
230128,通河县
230129,延寿县
230181,阿城市
230182,双城市
230183,尚志市
230184,五常市
230200,齐齐哈尔市
230201,市辖区
230202,龙沙区
230203,建华区
230204,铁锋区
230205,昂昂溪区
230206,富拉尔基区
230207,碾子山区
230208,梅里斯达斡尔族区
230221,龙江县
230223,依安县
230224,泰来县
230225,甘南县
230227,富裕县
230229,克山县
230230,克东县
230231,拜泉县
230281,讷河市
230300,鸡西市
230301,市辖区
360425,永修县
360426,德安县
360427,星子县
360428,都昌县
360429,湖口县
360430,彭泽县
360481,瑞昌市
360500,新余市
360501,市辖区
360502,渝水区
360521,分宜县
360600,鹰潭市
360601,市辖区
360602,月湖区
360622,余江县
360681,贵溪市
360700,赣州市
360701,市辖区
360702,章贡区
360721,赣县
360722,信丰县
360723,大余县
360724,上犹县
360725,崇义县
360726,安远县
360727,龙南县
360728,定南县
360729,全南县
360730,宁都县
360731,于都县
360732,兴国县
360733,会昌县
360734,寻乌县
360735,石城县
360781,瑞金市
360782,南康市
360800,吉安市
360801,市辖区
360802,吉州区
360803,青原区
360821,吉安县
360822,吉水县
360823,峡江县
360824,新干县
360825,永丰县
360826,泰和县
360827,遂川县
370103,市中区
370104,槐荫区
370105,天桥区
370112,历城区
370113,长清区
370124,平阴县
370125,济阳县
370126,商河县
370181,章丘市
370200,青岛市
370201,市辖区
370202,市南区
370203,市北区
370205,四方区
370211,黄岛区
370212,崂山区
370213,李沧区
370214,城阳区
370281,胶州市
370282,即墨市
370283,平度市
370284,胶南市
370285,莱西市
370300,淄博市
370301,市辖区
370302,淄川区
370303,张店区
370304,博山区
370305,临淄区
370306,周村区
370321,桓台县
370322,高青县
370323,沂源县
370400,枣庄市
370401,市辖区
370402,市中区
370403,薛城区
370404,峄城区
370405,台儿庄区
370406,山亭区
370481,滕州市
370500,东营市
370501,市辖区
370502,东营区
370503,河口区
370521,垦利县
370522,利津县
370523,广饶县
370600,烟台市
370601,市辖区
370602,芝罘区
370611,福山区
370612,牟平区
370613,莱山区
370634,长岛县
370681,龙口市
370682,莱阳市
370683,莱州市
370684,蓬莱市
370685,招远市
370686,栖霞市
370687,海阳市
370700,潍坊市
370701,市辖区
370702,潍城区
370703,寒亭区
370704,坊子区
370705,奎文区
370724,临朐县
370725,昌乐县
370781,青州市
370782,诸城市
370783,寿光市
370784,安丘市
370785,高密市
370786,昌邑市
370800,济宁市
370801,市辖区
370802,市中区
370811,任城区
370826,微山县
370827,鱼台县
370828,金乡县
370829,嘉祥县
370830,汶上县
370831,泗水县
370832,梁山县
370881,曲阜市
370882,兖州市
370883,邹城市
370900,泰安市
370901,市辖区
370902,泰山区
370903,岱岳区
410203,顺河回族区
410204,鼓楼区
410205,南关区
410211,郊区
410221,杞县
410222,通许县
410223,尉氏县
410224,开封县
410225,兰考县
410300,洛阳市
410301,市辖区
410302,老城区
410303,西工区
410304,廛河回族区
410305,涧西区
410306,吉利区
410307,洛龙区
410322,孟津县
410323,新安县
410324,栾川县
410325,嵩县
410326,汝阳县
410327,宜阳县
410328,洛宁县
410329,伊川县
410381,偃师市
410400,平顶山市
410401,市辖区
410402,新华区
410403,卫东区
410404,石龙区
410411,湛河区
410421,宝丰县
410422,叶县
410423,鲁山县
410425,郏县
410481,舞钢市
410482,汝州市
410500,安阳市
410501,市辖区
410502,文峰区
410503,北关区
410505,殷都区
410506,龙安区
410522,安阳县
410523,汤阴县
410526,滑县
420700,鄂州市
420701,市辖区
420702,梁子湖区
420703,华容区
420704,鄂城区
420800,荆门市
420801,市辖区
420802,东宝区
420804,掇刀区
420821,京山县
420822,沙洋县
420881,钟祥市
420900,孝感市
420901,市辖区
420902,孝南区
420921,孝昌县
420922,大悟县
420923,云梦县
420981,应城市
420982,安陆市
420984,汉川市
421000,荆州市
421001,市辖区
421002,沙市区
421003,荆州区
421022,公安县
421023,监利县
421024,江陵县
421081,石首市
421083,洪湖市
421087,松滋市
421100,黄冈市
421101,市辖区
421102,黄州区
421121,团风县
421122,红安县
421123,罗田县
421124,英山县
421125,浠水县
421126,蕲春县
421127,黄梅县
421181,麻城市
421182,武穴市
421200,咸宁市
421201,市辖区
421202,咸安区
421221,嘉鱼县
430302,雨湖区
430304,岳塘区
430321,湘潭县
430381,湘乡市
430382,韶山市
430400,衡阳市
430401,市辖区
430405,珠晖区
430406,雁峰区
430407,石鼓区
430408,蒸湘区
430412,南岳区
430421,衡阳县
430422,衡南县
430423,衡山县
430424,衡东县
430426,祁东县
430481,耒阳市
430482,常宁市
430500,邵阳市
430501,市辖区
430502,双清区
430503,大祥区
430511,北塔区
430521,邵东县
430522,新邵县
430523,邵阳县
430524,隆回县
430525,洞口县
430527,绥宁县
430528,新宁县
430529,城步苗族自治县
430581,武冈市
430600,岳阳市
430601,市辖区
430602,岳阳楼区
430603,云溪区
430611,君山区
430621,岳阳县
430623,华容县
430624,湘阴县
430626,平江县
430681,汨罗市
430682,临湘市
430700,常德市
430701,市辖区
430702,武陵区
431129,江华瑶族自治县
431200,怀化市
431201,市辖区
431202,鹤城区
431221,中方县
431222,沅陵县
431223,辰溪县
431224,溆浦县
431225,会同县
431226,麻阳苗族自治县
431227,新晃侗族自治县
431228,芷江侗族自治县
431229,靖州苗族侗族自治县
431230,通道侗族自治县
431281,洪江市
431300,娄底市
431301,市辖区
431302,娄星区
431321,双峰县
431322,新化县
431381,冷水江市
431382,涟源市
433100,湘西土家族苗族自治州
433101,吉首市
433122,泸溪县
433123,凤凰县
433124,花垣县
433125,保靖县
433126,古丈县
433127,永顺县
433130,龙山县
440000,广东省
440100,广州市
440101,市辖区
440102,东山区
440103,荔湾区
440104,越秀区
440105,海珠区
440106,天河区
440107,芳村区
440111,白云区
440112,黄埔区
440113,番禺区
440114,花都区
440183,增城市
440184,从化市
440200,韶关市
440201,市辖区
440202,北江区
440203,武江区
440204,浈江区
440221,曲江县
440222,始兴县
440224,仁化县
440229,翁源县
440232,乳源瑶族自治县
440233,新丰县
440281,乐昌市
440282,南雄市
440300,深圳市
440301,市辖区
440303,罗湖区
440304,福田区
440305,南山区
440306,宝安区
440307,龙岗区
440308,盐田区
440400,珠海市
440401,市辖区
440402,香洲区
440403,斗门区
440404,金湾区
440500,汕头市
440501,市辖区
440507,龙湖区
440511,金平区
440512,濠江区
440513,潮阳区
440514,潮南区
440515,澄海区
440523,南澳县
440600,佛山市
440601,市辖区
440604,禅城区
440605,南海区
440606,顺德区
440607,三水区
440608,高明区
440700,江门市
440701,市辖区
440703,蓬江区
440704,江海区
440705,新会区
440781,台山市
代码,名称
110000,北京市
110100,市辖区
110101,东城区
110102,西城区
110103,崇文区
110104,宣武区
110105,朝阳区
110106,丰台区
110107,石景山区
110108,海淀区
110109,门头沟区
110111,房山区
110112,通州区
110113,顺义区
110114,昌平区
110115,大兴区
110116,怀柔区
110117,平谷区
110200,县
110228,密云县
110229,延庆县
120000,天津市
120100,市辖区
120101,和平区
120102,河东区
120103,河西区
120104,南开区
120105,河北区
120106,红桥区
120107,塘沽区
120108,汉沽区
120109,大港区
120110,东丽区
120111,西青区
120112,津南区
120113,北辰区
120114,武清区
120115,宝坻区
120200,县
120221,宁河县
120223,静海县
120225,蓟县
130000,河北省
130100,石家庄市
130101,市辖区
130102,长安区
141129,中阳县
141130,交口县
141181,孝义市
141182,汾阳市
150000,内蒙古自治区
150100,呼和浩特市
150101,市辖区
150102,新城区
150103,回民区
150104,玉泉区
150105,赛罕区
150121,土默特左旗
150122,托克托县
150123,和林格尔县
150124,清水河县
150125,武川县
150200,包头市
150201,市辖区
150202,东河区
150203,昆都仑区
150204,青山区
150205,石拐区
150206,白云矿区
150207,九原区
150221,土默特右旗
150222,固阳县
150223,达尔罕茂明安联合旗
150300,乌海市
150301,市辖区
150302,海勃湾区
150303,海南区
150304,乌达区
150400,赤峰市
150401,市辖区
150402,红山区
150403,元宝山区
150404,松山区
150421,阿鲁科尔沁旗
150422,巴林左旗
150423,巴林右旗
150424,林西县
150425,克什克腾旗
150426,翁牛特旗
150428,喀喇沁旗
150429,宁城县
150430,敖汉旗
150500,通辽市
210682,凤城市
210700,锦州市
210701,市辖区
210702,古塔区
210703,凌河区
210711,太和区
210726,黑山县
210727,义县
210781,凌海市
210782,北宁市
210800,营口市
210801,市辖区
210802,站前区
210803,西市区
210804,鲅鱼圈区
210811,老边区
210881,盖州市
210882,大石桥市
210900,阜新市
210901,市辖区
210902,海州区
210903,新邱区
210904,太平区
210905,清河门区
210911,细河区
210921,阜新蒙古族自治县
210922,彰武县
211000,辽阳市
211001,市辖区
211002,白塔区
211003,文圣区
211004,宏伟区
211005,弓长岭区
211011,太子河区
211021,辽阳县
211081,灯塔市
211100,盘锦市
211101,市辖区
211102,双台子区
211103,兴隆台区
211121,大洼县
211122,盘山县
211200,铁岭市
211201,市辖区
211202,银州区
211204,清河区
211221,铁岭县
220302,铁西区
220303,铁东区
220322,梨树县
220323,伊通满族自治县
220381,公主岭市
220382,双辽市
220400,辽源市
220401,市辖区
220402,龙山区
220403,西安区
220421,东丰县
220422,东辽县
220500,通化市
220501,市辖区
220502,东昌区
220503,二道江区
220521,通化县
220523,辉南县
220524,柳河县
220581,梅河口市
220582,集安市
220600,白山市
220601,市辖区
220602,八道江区
220621,抚松县
220622,靖宇县
220623,长白朝鲜族自治县
220625,江源县
220681,临江市
220700,松原市
220701,市辖区
220702,宁江区
220721,前郭尔罗斯蒙古族自治县
220722,长岭县
220723,乾安县
220724,扶余县
220800,白城市
220801,市辖区
220802,洮北区
220821,镇赉县
220822,通榆县
220881,洮南市
220882,大安市
222400,延边朝鲜族自治州
222401,延吉市
222402,图们市
222403,敦化市
222404,珲春市
222405,龙井市
222406,和龙市
222424,汪清县
222426,安图县
230000,黑龙江省
230100,哈尔滨市
230101,市辖区
230102,道里区
230103,南岗区
230104,道外区
230106,香坊区
230107,动力区
230108,平房区
230109,松北区
230111,呼兰区
230123,依兰县
230124,方正县
230125,宾县
230126,巴彦县
230127,木兰县
230128,通河县
230129,延寿县
230181,阿城市
230182,双城市
230183,尚志市
230184,五常市
230200,齐齐哈尔市
230201,市辖区
230202,龙沙区
230203,建华区
230204,铁锋区
230205,昂昂溪区
230206,富拉尔基区
230207,碾子山区
230208,梅里斯达斡尔族区
230221,龙江县
230223,依安县
230224,泰来县
230225,甘南县
230227,富裕县
230229,克山县
230230,克东县
230231,拜泉县
230281,讷河市
230300,鸡西市
230301,市辖区
360425,永修县
360426,德安县
360427,星子县
360428,都昌县
360429,湖口县
360430,彭泽县
360481,瑞昌市
360500,新余市
360501,市辖区
360502,渝水区
360521,分宜县
360600,鹰潭市
360601,市辖区
360602,月湖区
360622,余江县
360681,贵溪市
360700,赣州市
360701,市辖区
360702,章贡区
360721,赣县
360722,信丰县
360723,大余县
360724,上犹县
360725,崇义县
360726,安远县
360727,龙南县
360728,定南县
360729,全南县
360730,宁都县
360731,于都县
360732,兴国县
360733,会昌县
360734,寻乌县
360735,石城县
360781,瑞金市
360782,南康市
360800,吉安市
360801,市辖区
360802,吉州区
360803,青原区
360821,吉安县
360822,吉水县
360823,峡江县
360824,新干县
360825,永丰县
360826,泰和县
360827,遂川县
370103,市中区
370104,槐荫区
370105,天桥区
370112,历城区
370113,长清区
370124,平阴县
370125,济阳县
370126,商河县
370181,章丘市
370200,青岛市
370201,市辖区
370202,市南区
370203,市北区
370205,四方区
370211,黄岛区
370212,崂山区
370213,李沧区
370214,城阳区
370281,胶州市
370282,即墨市
370283,平度市
370284,胶南市
370285,莱西市
370300,淄博市
370301,市辖区
370302,淄川区
370303,张店区
370304,博山区
370305,临淄区
370306,周村区
370321,桓台县
370322,高青县
370323,沂源县
370400,枣庄市
370401,市辖区
370402,市中区
370403,薛城区
370404,峄城区
370405,台儿庄区
370406,山亭区
370481,滕州市
370500,东营市
370501,市辖区
370502,东营区
370503,河口区
370521,垦利县
370522,利津县
370523,广饶县
370600,烟台市
370601,市辖区
370602,芝罘区
370611,福山区
370612,牟平区
370613,莱山区
370634,长岛县
370681,龙口市
370682,莱阳市
370683,莱州市
370684,蓬莱市
370685,招远市
370686,栖霞市
370687,海阳市
370700,潍坊市
370701,市辖区
370702,潍城区
370703,寒亭区
370704,坊子区
370705,奎文区
370724,临朐县
370725,昌乐县
370781,青州市
370782,诸城市
370783,寿光市
370784,安丘市
370785,高密市
370786,昌邑市
370800,济宁市
370801,市辖区
370802,市中区
370811,任城区
370826,微山县
370827,鱼台县
370828,金乡县
370829,嘉祥县
370830,汶上县
370831,泗水县
370832,梁山县
370881,曲阜市
370882,兖州市
370883,邹城市
370900,泰安市
370901,市辖区
370902,泰山区
370903,岱岳区
410203,顺河回族区
410204,鼓楼区
410205,南关区
410211,郊区
410221,杞县
410222,通许县
410223,尉氏县
410224,开封县
410225,兰考县
410300,洛阳市
410301,市辖区
410302,老城区
410303,西工区
410304,廛河回族区
410305,涧西区
410306,吉利区
410307,洛龙区
410322,孟津县
410323,新安县
410324,栾川县
410325,嵩县
410326,汝阳县
410327,宜阳县
410328,洛宁县
410329,伊川县
410381,偃师市
410400,平顶山市
410401,市辖区
410402,新华区
410403,卫东区
410404,石龙区
410411,湛河区
410421,宝丰县
410422,叶县
410423,鲁山县
410425,郏县
410481,舞钢市
410482,汝州市
410500,安阳市
410501,市辖区
410502,文峰区
410503,北关区
410505,殷都区
410506,龙安区
410522,安阳县
410523,汤阴县
410526,滑县
420700,鄂州市
420701,市辖区
420702,梁子湖区
420703,华容区
420704,鄂城区
420800,荆门市
420801,市辖区
420802,东宝区
420804,掇刀区
420821,京山县
420822,沙洋县
420881,钟祥市
420900,孝感市
420901,市辖区
420902,孝南区
420921,孝昌县
420922,大悟县
420923,云梦县
420981,应城市
420982,安陆市
420984,汉川市
421000,荆州市
421001,市辖区
421002,沙市区
421003,荆州区
421022,公安县
421023,监利县
421024,江陵县
421081,石首市
421083,洪湖市
421087,松滋市
421100,黄冈市
421101,市辖区
421102,黄州区
421121,团风县
421122,红安县
421123,罗田县
421124,英山县
421125,浠水县
421126,蕲春县
421127,黄梅县
421181,麻城市
421182,武穴市
421200,咸宁市
421201,市辖区
421202,咸安区
421221,嘉鱼县
430302,雨湖区
430304,岳塘区
430321,湘潭县
430381,湘乡市
430382,韶山市
430400,衡阳市
430401,市辖区
430405,珠晖区
430406,雁峰区
430407,石鼓区
430408,蒸湘区
430412,南岳区
430421,衡阳县
430422,衡南县
430423,衡山县
430424,衡东县
430426,祁东县
430481,耒阳市
430482,常宁市
430500,邵阳市
430501,市辖区
430502,双清区
430503,大祥区
430511,北塔区
430521,邵东县
430522,新邵县
430523,邵阳县
430524,隆回县
430525,洞口县
430527,绥宁县
430528,新宁县
430529,城步苗族自治县
430581,武冈市
430600,岳阳市
430601,市辖区
430602,岳阳楼区
430603,云溪区
430611,君山区
430621,岳阳县
430623,华容县
430624,湘阴县
430626,平江县
430681,汨罗市
430682,临湘市
430700,常德市
430701,市辖区
430702,武陵区
431129,江华瑶族自治县
431200,怀化市
431201,市辖区
431202,鹤城区
431221,中方县
431222,沅陵县
431223,辰溪县
431224,溆浦县
431225,会同县
431226,麻阳苗族自治县
431227,新晃侗族自治县
431228,芷江侗族自治县
431229,靖州苗族侗族自治县
431230,通道侗族自治县
431281,洪江市
431300,娄底市
431301,市辖区
431302,娄星区
431321,双峰县
431322,新化县
431381,冷水江市
431382,涟源市
433100,湘西土家族苗族自治州
433101,吉首市
433122,泸溪县
433123,凤凰县
433124,花垣县
433125,保靖县
433126,古丈县
433127,永顺县
433130,龙山县
440000,广东省
440100,广州市
440101,市辖区
440102,东山区
440103,荔湾区
440104,越秀区
440105,海珠区
440106,天河区
440107,芳村区
440111,白云区
440112,黄埔区
440113,番禺区
440114,花都区
440183,增城市
440184,从化市
440200,韶关市
440201,市辖区
440202,北江区
440203,武江区
440204,浈江区
440221,曲江县
440222,始兴县
440224,仁化县
440229,翁源县
440232,乳源瑶族自治县
440233,新丰县
440281,乐昌市
440282,南雄市
440300,深圳市
440301,市辖区
440303,罗湖区
440304,福田区
440305,南山区
440306,宝安区
440307,龙岗区
440308,盐田区
440400,珠海市
440401,市辖区
440402,香洲区
440403,斗门区
440404,金湾区
440500,汕头市
440501,市辖区
440507,龙湖区
440511,金平区
440512,濠江区
440513,潮阳区
440514,潮南区
440515,澄海区
440523,南澳县
440600,佛山市
440601,市辖区
440604,禅城区
440605,南海区
440606,顺德区
440607,三水区
440608,高明区
440700,江门市
440701,市辖区
440703,蓬江区
440704,江海区
440705,新会区
440781,台山市
140882,河津市
140900,忻州市
140901,市辖区
140902,忻府区
140921,定襄县
140922,五台县
140923,代县
140924,繁峙县
140925,宁武县
140926,静乐县
140927,神池县
140928,五寨县
140929,岢岚县
140930,河曲县
140931,保德县
140932,偏关县
140981,原平市
141000,临汾市
141001,市辖区
141002,尧都区
141021,曲沃县
141022,翼城县
141023,襄汾县
141024,洪洞县
141025,古县
141026,安泽县
141027,浮山县
141028,吉县
141029,乡宁县
141030,大宁县
141031,隰县
141032,永和县
141033,蒲县
141034,汾西县
141081,侯马市
141082,霍州市
141100,吕梁市
141101,市辖区
141102,离石区
141121,文水县
141122,交城县
141123,兴县
141124,临县
141125,柳林县
141126,石楼县
141127,岚县
141128,方山县
211223,西丰县
211224,昌图县
211281,调兵山市
211282,开原市
211300,朝阳市
211301,市辖区
211302,双塔区
211303,龙城区
211321,朝阳县
211322,建平县
211324,喀喇沁左翼蒙古族自治县
211381,北票市
211382,凌源市
211400,葫芦岛市
211401,市辖区
211402,连山区
211403,龙港区
211404,南票区
211421,绥中县
211422,建昌县
211481,兴城市
220000,吉林省
220100,长春市
220101,市辖区
220102,南关区
220103,宽城区
220104,朝阳区
220105,二道区
220106,绿园区
220112,双阳区
220122,农安县
220181,九台市
220182,榆树市
220183,德惠市
220200,吉林市
220201,市辖区
220202,昌邑区
220203,龙潭区
220204,船营区
220211,丰满区
220221,永吉县
220281,蛟河市
220282,桦甸市
220283,舒兰市
220284,磐石市
220300,四平市
220301,市辖区
220302,铁西区
220303,铁东区
220322,梨树县
220323,伊通满族自治县
220381,公主岭市
220382,双辽市
220400,辽源市
220401,市辖区
220402,龙山区
220403,西安区
220421,东丰县
220422,东辽县
220500,通化市
220501,市辖区
220502,东昌区
220503,二道江区
220521,通化县
220523,辉南县
220524,柳河县
220581,梅河口市
220582,集安市
220600,白山市
220601,市辖区
220602,八道江区
220621,抚松县
220622,靖宇县
220623,长白朝鲜族自治县
220625,江源县
220681,临江市
220700,松原市
220701,市辖区
220702,宁江区
220721,前郭尔罗斯蒙古族自治县
220722,长岭县
220723,乾安县
220724,扶余县
220800,白城市
220801,市辖区
220802,洮北区
220821,镇赉县
220822,通榆县
220881,洮南市
220882,大安市
222400,延边朝鲜族自治州
222401,延吉市
222402,图们市
222403,敦化市
222404,珲春市
222405,龙井市
222406,和龙市
222424,汪清县
222426,安图县
230000,黑龙江省
230100,哈尔滨市
230101,市辖区
230102,道里区
230103,南岗区
230104,道外区
230106,香坊区
230107,动力区
230108,平房区
230109,松北区
230111,呼兰区
230123,依兰县
230124,方正县
230125,宾县
230126,巴彦县
230127,木兰县
230128,通河县
230129,延寿县
230181,阿城市
230182,双城市
230183,尚志市
230184,五常市
230200,齐齐哈尔市
230201,市辖区
230202,龙沙区
230203,建华区
230204,铁锋区
230205,昂昂溪区
230206,富拉尔基区
230207,碾子山区
230208,梅里斯达斡尔族区
230221,龙江县
230223,依安县
230224,泰来县
230225,甘南县
230227,富裕县
230229,克山县
230230,克东县
230231,拜泉县
230281,讷河市
230300,鸡西市
230301,市辖区
230707,新青区
230708,美溪区
230709,金山屯区
230710,五营区
230711,乌马河区
230712,汤旺河区
230713,带岭区
230714,乌伊岭区
230715,红星区
230716,上甘岭区
230722,嘉荫县
230781,铁力市
230800,佳木斯市
230801,市辖区
230802,永红区
230803,向阳区
230804,前进区
230805,东风区
230811,郊区
230822,桦南县
230826,桦川县
230828,汤原县
230833,抚远县
230881,同江市
230882,富锦市
230900,七台河市
230901,市辖区
230902,新兴区
230903,桃山区
230904,茄子河区
230921,勃利县
231000,牡丹江市
231001,市辖区
231002,东安区
231003,阳明区
231004,爱民区
231005,西安区
231024,东宁县
231025,林口县
231081,绥芬河市
231083,海林市
231084,宁安市
231085,穆棱市
231100,黑河市
231101,市辖区
231102,爱辉区
231121,嫩江县
330602,越城区
330621,绍兴县
330624,新昌县
330681,诸暨市
330682,上虞市
330683,嵊州市
330700,金华市
330701,市辖区
330702,婺城区
330703,金东区
330723,武义县
330726,浦江县
330727,磐安县
330781,兰溪市
330782,义乌市
330783,东阳市
330784,永康市
330800,衢州市
330801,市辖区
330802,柯城区
330803,衢江区
330822,常山县
330824,开化县
330825,龙游县
330881,江山市
330900,舟山市
330901,市辖区
330902,定海区
330903,普陀区
330921,岱山县
330922,嵊泗县
331000,台州市
331001,市辖区
331002,椒江区
331003,黄岩区
331004,路桥区
331021,玉环县
331022,三门县
331023,天台县
331024,仙居县
331081,温岭市
331082,临海市
331100,丽水市
331101,市辖区
331102,莲都区
331121,青田县
331122,缙云县
370103,市中区
370104,槐荫区
370105,天桥区
370112,历城区
370113,长清区
370124,平阴县
370125,济阳县
370126,商河县
370181,章丘市
370200,青岛市
370201,市辖区
370202,市南区
370203,市北区
370205,四方区
370211,黄岛区
370212,崂山区
370213,李沧区
370214,城阳区
370281,胶州市
370282,即墨市
370283,平度市
370284,胶南市
370285,莱西市
370300,淄博市
370301,市辖区
370302,淄川区
370303,张店区
370304,博山区
370305,临淄区
370306,周村区
370321,桓台县
370322,高青县
370323,沂源县
370400,枣庄市
370401,市辖区
370402,市中区
370403,薛城区
370404,峄城区
370405,台儿庄区
370406,山亭区
370481,滕州市
370500,东营市
370501,市辖区
370502,东营区
370503,河口区
370521,垦利县
370522,利津县
370921,宁阳县
370923,东平县
370982,新泰市
370983,肥城市
371000,威海市
371001,市辖区
371002,环翠区
371081,文登市
371082,荣成市
371083,乳山市
371100,日照市
371101,市辖区
371102,东港区
371121,五莲县
371122,莒县
371200,莱芜市
371201,市辖区
371202,莱城区
371203,钢城区
371300,临沂市
371301,市辖区
371302,兰山区
371311,罗庄区
371312,河东区
371321,沂南县
371322,郯城县
371323,沂水县
371324,苍山县
371325,费县
371326,平邑县
371327,莒南县
371328,蒙阴县
371329,临沭县
371400,德州市
371401,市辖区
371402,德城区
371421,陵县
371422,宁津县
371423,庆云县
371424,临邑县
371425,齐河县
371426,平原县
371427,夏津县
371428,武城县
371481,乐陵市
371482,禹城市
371500,聊城市
420700,鄂州市
420701,市辖区
420702,梁子湖区
420703,华容区
420704,鄂城区
420800,荆门市
420801,市辖区
420802,东宝区
420804,掇刀区
420821,京山县
420822,沙洋县
420881,钟祥市
420900,孝感市
420901,市辖区
420902,孝南区
420921,孝昌县
420922,大悟县
420923,云梦县
420981,应城市
420982,安陆市
420984,汉川市
421000,荆州市
421001,市辖区
421002,沙市区
421003,荆州区
421022,公安县
421023,监利县
421024,江陵县
421081,石首市
421083,洪湖市
421087,松滋市
421100,黄冈市
421101,市辖区
421102,黄州区
421121,团风县
421122,红安县
421123,罗田县
421124,英山县
421125,浠水县
421126,蕲春县
421127,黄梅县
421181,麻城市
421182,武穴市
421200,咸宁市
421201,市辖区
421202,咸安区
421221,嘉鱼县
430302,雨湖区
430304,岳塘区
430321,湘潭县
430381,湘乡市
430382,韶山市
430400,衡阳市
430401,市辖区
430405,珠晖区
430406,雁峰区
430407,石鼓区
430408,蒸湘区
430412,南岳区
430421,衡阳县
430422,衡南县
430423,衡山县
430424,衡东县
430426,祁东县
430481,耒阳市
430482,常宁市
430500,邵阳市
430501,市辖区
430502,双清区
430503,大祥区
430511,北塔区
430521,邵东县
430522,新邵县
430523,邵阳县
430524,隆回县
430525,洞口县
430527,绥宁县
430528,新宁县
430529,城步苗族自治县
430581,武冈市
430600,岳阳市
430601,市辖区
430602,岳阳楼区
430603,云溪区
430611,君山区
430621,岳阳县
430623,华容县
430624,湘阴县
430626,平江县
430681,汨罗市
430682,临湘市
430700,常德市
430701,市辖区
430702,武陵区
440783,开平市
440784,鹤山市
440785,恩平市
440800,湛江市
440801,市辖区
440802,赤坎区
440803,霞山区
440804,坡头区
440811,麻章区
440823,遂溪县
440825,徐闻县
440881,廉江市
440882,雷州市
440883,吴川市
440900,茂名市
440901,市辖区
440902,茂南区
440903,茂港区
440923,电白县
440981,高州市
440982,化州市
440983,信宜市
441200,肇庆市
441201,市辖区
441202,端州区
441203,鼎湖区
441223,广宁县
441224,怀集县
441225,封开县
441226,德庆县
441283,高要市
441284,四会市
441300,惠州市
441301,市辖区
441302,惠城区
441303,惠阳区
441322,博罗县
441323,惠东县
441324,龙门县
441400,梅州市
441401,市辖区
441402,梅江区
441421,梅县
441422,大埔县
441423,丰顺县
441424,五华县
441426,平远县
441427,蕉岭县
441481,兴宁市
441500,汕尾市
441501,市辖区
441502,城区
441521,海丰县
441523,陆河县
441581,陆丰市
441600,河源市
441601,市辖区
441602,源城区
441621,紫金县
441622,龙川县
441623,连平县
441624,和平县
441625,东源县
441700,阳江市
441701,市辖区
441702,江城区
441721,阳西县
441723,阳东县
441781,阳春市
441800,清远市
441801,市辖区
441802,清城区
441821,佛冈县
441823,阳山县
441825,连山壮族瑶族自治县
441826,连南瑶族自治县
441827,清新县
441881,英德市
441882,连州市
441900,东莞市
442000,中山市
445100,潮州市
445101,市辖区
445102,湘桥区
445121,潮安县
445122,饶平县
445200,揭阳市
445201,市辖区
445202,榕城区
445221,揭东县
445222,揭西县
445224,惠来县
445281,普宁市
445300,云浮市
